<application>
  <component name="MaterialThemeConfig">
    <option name="compactMenus" value="true" />
    <option name="compactStatusBar" value="true" />
    <option name="compactTables" value="true" />
    <option name="contrastMode" value="true" />
    <option name="highlightColorEnabled" value="true" />
    <option name="compactDropdowns" value="true" />
    <option name="isHighlightColorEnabled" value="true" />
    <option name="isCompactMenus" value="true" />
    <option name="isCompactStatusBar" value="true" />
    <option name="isCompactTables" value="true" />
    <option name="isContrastMode" value="true" />
    <option name="pristineConfig" value="false" />
    <option name="settingsSelectedTab" value="2" />
    <option name="accentColor" value="009688" />
    <option name="highlightColor" value="0fd3ec" />
    <option name="userId" value="-2dced272:17442ec05aa:-8000" />
    <option name="version" value="5.2.0" />
  </component>
</application>