<application>
  <component name="GitRememberedInputs">
    <option name="visitedUrls">
      <list>
        <UrlAndUserName>
          <option name="url" value="https://gitlab.gitlab.bcs.ru/partner-portal/partner-portal-front.git" />
          <option name="userName" value="" />
        </UrlAndUserName>
        <UrlAndUserName>
          <option name="url" value="http://gitlab.gitlab.bcs.ru" />
          <option name="userName" value="braginda" />
        </UrlAndUserName>
        <UrlAndUserName>
          <option name="url" value="https://gitlab.gitlab.bcs.ru/keycloak/authentication-app.git" />
          <option name="userName" value="" />
        </UrlAndUserName>
      </list>
    </option>
    <option name="cloneParentDir" value="$USER_HOME$/WebstormProjects" />
  </component>
</application>